Workbook

Sheet 광양터미널_2026
A1: 🌊 광양터미널 월간운영 실적 (2026)
A2: Gwangyang Terminal Monthly Operations Report — Storage · Discharge · Bunkering · Trade
A4: 구역 | B4: 월 | C4: 운영지표 | D4: 단위 | E4: 1탱크 | F4: 2탱크 | G4: 3탱크 | H4: 4탱크 | I4: 5탱크 | J4: 6탱크 | K4: 합계 | L4: 전월대비(%) | M4: 비고
A5: 광양 1구역 | B5: 2026-01 | C5: 저장량 | D5: 천톤 | E5: 73 | F5: 72 | G5: 67 | H5: 72 | I5: 77 | J5: 18 | K5: =SUM(E5:J5) -> 379 | L5: - | M5: 최적 재고
A6: 광양 1구역 | B6: 2026-01 | C6: 송출량 | D6: 천톤 | E6: 42 | F6: 40 | G6: 45 | H6: 41 | I6: 46 | J6: 7 | K6: =SUM(E6:J6) -> 221 | L6: - | M6: 수요 견조
A7: 광양 1구역 | B7: 2026-01 | C7: 벙커링 | D7: 톤 | E7: 0 | F7: 0 | G7: 0 | H7: 0 | I7: 1907 | J7: 0 | K7: =SUM(E7:J7) -> 1907 | L7: - | M7: 주2회 운영
A8: 광양 1구역 | B8: 2026-01 | C8: 반출입 | D8: 톤 | E8: 0 | F8: 0 | G8: 0 | H8: 0 | I8: 0 | J8: 3262 | K8: =SUM(E8:J8) -> 3262 | L8: - | M8: 제2터미널 부두
A9: 광양 1구역 | B9: 2026-02 | C9: 저장량 | D9: 천톤 | E9: 74 | F9: 72 | G9: 70 | H9: 73 | I9: 74 | J9: 31 | K9: =SUM(E9:J9) -> 394 | L9: =IFERROR((K9-K5)/K5,0) -> 0.039577836 | M9: 비축량 양호
A10: 광양 1구역 | B10: 2026-02 | C10: 송출량 | D10: 천톤 | E10: 46 | F10: 43 | G10: 43 | H10: 48 | I10: 47 | J10: 14 | K10: =SUM(E10:J10) -> 241 | L10: =IFERROR((K10-K6)/K6,0) -> 0.090497738
A11: 광양 1구역 | B11: 2026-02 | C11: 벙커링 | D11: 톤 | E11: 0 | F11: 0 | G11: 0 | H11: 0 | I11: 2141 | J11: 0 | K11: =SUM(E11:J11) -> 2141 | L11: =IFERROR((K11-K7)/K7,0) -> 0.12270582 | M11: 정기 운항
A12: 광양 1구역 | B12: 2026-02 | C12: 반출입 | D12: 톤 | E12: 0 | F12: 0 | G12: 0 | H12: 0 | I12: 0 | J12: 4387 | K12: =SUM(E12:J12) -> 4387 | L12: =IFERROR((K12-K8)/K8,0) -> 0.34488044 | M12: 물동량 증가세
A13: 광양 1구역 | B13: 2026-03 | C13: 저장량 | D13: 천톤 | E13: 80 | F13: 78 | G13: 72 | H13: 80 | I13: 73 | J13: 45 | K13: =SUM(E13:J13) -> 428 | L13: =IFERROR((K13-K9)/K9,0) -> 0.086294416 | M13: 물량 회전율 우수
A14: 광양 1구역 | B14: 2026-03 | C14: 송출량 | D14: 천톤 | E14: 55 | F14: 49 | G14: 47 | H14: 52 | I14: 51 | J14: 25 | K14: =SUM(E14:J14) -> 279 | L14: =IFERROR((K14-K10)/K10,0) -> 0.15767635 | M14: 출하 원활
A15: 광양 1구역 | B15: 2026-03 | C15: 벙커링 | D15: 톤 | E15: 0 | F15: 0 | G15: 0 | H15: 0 | I15: 2575 | J15: 0 | K15: =SUM(E15:J15) -> 2575 | L15: =IFERROR((K15-K11)/K11,0) -> 0.20270901 | M15: 스팟 추가
A16: 광양 1구역 | B16: 2026-03 | C16: 반출입 | D16: 톤 | E16: 0 | F16: 0 | G16: 0 | H16: 0 | I16: 0 | J16: 6137 | K16: =SUM(E16:J16) -> 6137 | L16: =IFERROR((K16-K12)/K12,0) -> 0.39890586 | M16: 동남아 거래 확대
A17: 광양 1구역 | B17: 2026-04 | C17: 저장량 | D17: 천톤 | E17: 78 | F17: 73 | G17: 73 | H17: 74 | I17: 77 | J17: 57 | K17: =SUM(E17:J17) -> 432 | L17: =IFERROR((K17-K13)/K13,0) -> 0.0093457944 | M17: 비축량 양호
A18: 광양 1구역 | B18: 2026-04 | C18: 송출량 | D18: 천톤 | E18: 48 | F18: 44 | G18: 42 | H18: 48 | I18: 50 | J18: 30 | K18: =SUM(E18:J18) -> 262 | L18: =IFERROR((K18-K14)/K14,0) -> -0.0609319
A19: 광양 1구역 | B19: 2026-04 | C19: 벙커링 | D19: 톤 | E19: 0 | F19: 0 | G19: 0 | H19: 0 | I19: 2322 | J19: 0 | K19: =SUM(E19:J19) -> 2322 | L19: =IFERROR((K19-K15)/K15,0) -> -0.098252427 | M19: 월간 최대치
A20: 광양 1구역 | B20: 2026-04 | C20: 반출입 | D20: 톤 | E20: 0 | F20: 0 | G20: 0 | H20: 0 | I20: 0 | J20: 7266 | K20: =SUM(E20:J20) -> 7266 | L20: =IFERROR((K20-K16)/K16,0) -> 0.18396611 | M20: 신규 고객 확보
A21: 광양 1구역 | B21: 2026-05 | C21: 저장량 | D21: 천톤 | E21: 71 | F21: 67 | G21: 71 | H21: 74 | I21: 74 | J21: 68 | K21: =SUM(E21:J21) -> 425 | L21: =IFERROR((K21-K17)/K17,0) -> -0.016203704 | M21: 최적 재고
A22: 광양 1구역 | B22: 2026-05 | C22: 송출량 | D22: 천톤 | E22: 46 | F22: 41 | G22: 37 | H22: 43 | I22: 44 | J22: 33 | K22: =SUM(E22:J22) -> 244 | L22: =IFERROR((K22-K18)/K18,0) -> -0.06870229 | M22: 수요 견조
A23: 광양 1구역 | B23: 2026-05 | C23: 벙커링 | D23: 톤 | E23: 0 | F23: 0 | G23: 0 | H23: 0 | I23: 2112 | J23: 0 | K23: =SUM(E23:J23) -> 2112 | L23: =IFERROR((K23-K19)/K19,0) -> -0.090439276 | M23: 정기 운항
A24: 광양 1구역 | B24: 2026-05 | C24: 반출입 | D24: 톤 | E24: 0 | F24: 0 | G24: 0 | H24: 0 | I24: 0 | J24: 9214 | K24: =SUM(E24:J24) -> 9214 | L24: =IFERROR((K24-K20)/K20,0) -> 0.26809799 | M24: 제2터미널 부두
A25: 광양 1구역 | B25: 2026-06 | C25: 저장량 | D25: 천톤 | E25: 78 | F25: 76 | G25: 75 | H25: 75 | I25: 70 | J25: 77 | K25: =SUM(E25:J25) -> 451 | L25: =IFERROR((K25-K21)/K21,0) -> 0.061176471 | M25: 최적 재고
A26: 광양 1구역 | B26: 2026-06 | C26: 송출량 | D26: 천톤 | E26: 39 | F26: 37 | G26: 35 | H26: 40 | I26: 42 | J26: 45 | K26: =SUM(E26:J26) -> 238 | L26: =IFERROR((K26-K22)/K22,0) -> -0.024590164 | M26: 글로벌 수요 증가
A27: 광양 1구역 | B27: 2026-06 | C27: 벙커링 | D27: 톤 | E27: 0 | F27: 0 | G27: 0 | H27: 0 | I27: 1988 | J27: 0 | K27: =SUM(E27:J27) -> 1988 | L27: =IFERROR((K27-K23)/K23,0) -> -0.058712121 | M27: 벙커링선 주1회
A28: 광양 1구역 | B28: 2026-06 | C28: 반출입 | D28: 톤 | E28: 0 | F28: 0 | G28: 0 | H28: 0 | I28: 0 | J28: 9089 | K28: =SUM(E28:J28) -> 9089 | L28: =IFERROR((K28-K24)/K24,0) -> -0.013566312 | M28: 물동량 증가세
A29: 광양 1구역 | B29: 2026-07 | C29: 저장량 | D29: 천톤 | E29: 80 | F29: 75 | G29: 78 | H29: 81 | I29: 73 | J29: 77 | K29: =SUM(E29:J29) -> 464 | L29: =IFERROR((K29-K25)/K25,0) -> 0.028824834 | M29: 물량 회전율 우수
A30: 광양 1구역 | B30: 2026-07 | C30: 송출량 | D30: 천톤 | E30: 76 | F30: 71 | G30: 70 | H30: 76 | I30: 77 | J30: 80 | K30: =SUM(E30:J30) -> 450 | L30: =IFERROR((K30-K26)/K26,0) -> 0.8907563 | M30: 공급 확대
... A32: 광양 1구역 | B32: 2026-07 | C32: 반출입 | D32: 톤 | E32: 0 | F32: 0 | G32: 0 | H32: 0 | I32: 0 | J32: 11362 | K32: =SUM(E32:J32) -> 11362 | L32: =IFERROR((K32-K28)/K28,0) -> 0.25008252 | M32: 제2터미널 부두
A33: 광양 1구역 | B33: 2026-08 | C33: 저장량 | D33: 천톤 | E33: 70 | F33: 68 | G33: 68 | H33: 70 | I33: 67 | J33: 70 | K33: =SUM(E33:J33) -> 413 | L33: =IFERROR((K33-K29)/K29,0) -> -0.10991379
A34: 광양 1구역 | B34: 2026-08 | C34: 송출량 | D34: 천톤 | E34: 86 | F34: 85 | G34: 78 | H34: 80 | I34: 90 | J34: 92 | K34: =SUM(E34:J34) -> 511 | L34: =IFERROR((K34-K30)/K30,0) -> 0.13555556
A35: 광양 1구역 | B35: 2026-08 | C35: 벙커링 | D35: 톤 | E35: 0 | F35: 0 | G35: 0 | H35: 0 | I35: 2555 | J35: 0 | K35: =SUM(E35:J35) -> 2555 | L35: =IFERROR((K35-K31)/K31,0) -> 0.063696919 | M35: 벙커링선 주1회
A36: 광양 1구역 | B36: 2026-08 | C36: 반출입 | D36: 톤 | E36: 0 | F36: 0 | G36: 0 | H36: 0 | I36: 0 | J36: 11507 | K36: =SUM(E36:J36) -> 11507 | L36: =IFERROR((K36-K32)/K32,0) -> 0.012761838 | M36: 물동량 증가세
A37: 광양 1구역 | B37: 2026-09 | C37: 저장량 | D37: 천톤 | E37: 78 | F37: 77 | G37: 71 | H37: 76 | I37: 70 | J37: 74 | K37: =SUM(E37:J37) -> 446 | L37: =IFERROR((K37-K33)/K33,0) -> 0.079903148
A38: 광양 1구역 | B38: 2026-09 | C38: 송출량 | D38: 천톤 | E38: 58 | F38: 55 | G38: 52 | H38: 54 | I38: 58 | J38: 61 | K38: =SUM(E38:J38) -> 338 | L38: =IFERROR((K38-K34)/K34,0) -> -0.33855186 | M38: 출하량 호조
A39: 광양 1구역 | B39: 2026-09 | C39: 벙커링 | D39: 톤 | E39: 0 | F39: 0 | G39: 0 | H39: 0 | I39: 2281 | J39: 0 | K39: =SUM(E39:J39) -> 2281 | L39: =IFERROR((K39-K35)/K35,0) -> -0.1072407 | M39: 주2회 운영
A40: 광양 1구역 | B40: 2026-09 | C40: 반출입 | D40: 톤 | E40: 0 | F40: 0 | G40: 0 | H40: 0 | I40: 0 | J40: 12476 | K40: =SUM(E40:J40) -> 12476 | L40: =IFERROR((K40-K36)/K36,0) -> 0.084209612 | M40: 물동량 증가세
A41: 광양 1구역 | B41: 2026-10 | C41: 저장량 | D41: 천톤 | E41: 81 | F41: 78 | G41: 79 | H41: 77 | I41: 79 | J41: 80 | K41: =SUM(E41:J41) -> 474 | L41: =IFERROR((K41-K37)/K37,0) -> 0.062780269 | M41: 비축량 양호
A42: 광양 1구역 | B42: 2026-10 | C42: 송출량 | D42: 천톤 | E42: 39 | F42: 38 | G42: 35 | H42: 40 | I42: 42 | J42: 42 | K42: =SUM(E42:J42) -> 236 | L42: =IFERROR((K42-K38)/K38,0) -> -0.30177515 | M42: 출하량 호조
A43: 광양 1구역 | B43: 2026-10 | C43: 벙커링 | D43: 톤 | E43: 0 | F43: 0 | G43: 0 | H43: 0 | I43: 2412 | J43: 0 | K43: =SUM(E43:J43) -> 2412 | L43: =IFERROR((K43-K39)/K39,0) -> 0.057430951 | M43: 벙커링선 주1회
A44: 광양 1구역 | B44: 2026-10 | C44: 반출입 | D44: 톤 | E44: 0 | F44: 0 | G44: 0 | H44: 0 | I44: 0 | J44: 13914 | K44: =SUM(E44:J44) -> 13914 | L44: =IFERROR((K44-K40)/K40,0) -> 0.1152613 | M44: 물동량 증가세
A45: 광양 1구역 | B45: 2026-11 | C45: 저장량 | D45: 천톤 | E45: 84 | F45: 83 | G45: 80 | H45: 87 | I45: 78 | J45: 89 | K45: =SUM(E45:J45) -> 501 | L45: =IFERROR((K45-K41)/K41,0) -> 0.056962025 | M45: 재고 안정
A46: 광양 1구역 | B46: 2026-11 | C46: 송출량 | D46: 천톤 | E46: 53 | F46: 48 | G46: 47 | H46: 51 | I46: 56 | J46: 62 | K46: =SUM(E46:J46) -> 317 | L46: =IFERROR((K46-K42)/K42,0) -> 0.34322034 | M46: 수요 견조
A47: 광양 1구역 | B47: 2026-11 | C47: 벙커링 | D47: 톤 | E47: 0 | F47: 0 | G47: 0 | H47: 0 | I47: 2841 | J47: 0 | K47: =SUM(E47:J47) -> 2841 | L47: =IFERROR((K47-K43)/K43,0) -> 0.1778607 | M47: 월간 최대치
A48: 광양 1구역 | B48: 2026-11 | C48: 반출입 | D48: 톤 | E48: 0 | F48: 0 | G48: 0 | H48: 0 | I48: 0 | J48: 13120 | K48: =SUM(E48:J48) -> 13120 | L48: =IFERROR((K48-K44)/K44,0) -> -0.057064827 | M48: 물동량 증가세
A49: 광양 1구역 | B49: 2026-12 | C49: 저장량 | D49: 천톤 | E49: 85 | F49: 86 | G49: 82 | H49: 82 | I49: 87 | J49: 91 | K49: =SUM(E49:J49) -> 513 | L49: =IFERROR((K49-K45)/K45,0) -> 0.023952096 | M49: 기준치 충족
A50: 광양 1구역 | B50: 2026-12 | C50: 송출량 | D50: 천톤 | E50: 79 | F50: 79 | G50: 72 | H50: 74 | I50: 76 | J50: 84 | K50: =SUM(E50:J50) -> 464 | L50: =IFERROR((K50-K46)/K46,0) -> 0.4637224
A51: 광양 1구역 | B51: 2026-12 | C51: 벙커링 | D51: 톤 | E51: 0 | F51: 0 | G51: 0 | H51: 0 | I51: 2971 | J51: 0 | K51: =SUM(E51:J51) -> 2971 | L51: =IFERROR((K51-K47)/K47,0) -> 0.045758536 | M51: 스팟 추가
A52: 광양 1구역 | B52: 2026-12 | C52: 반출입 | D52: 톤 | E52: 0 | F52: 0 | G52: 0 | H52: 0 | I52: 0 | J52: 15141 | K52: =SUM(E52:J52) -> 15141 | L52: =IFERROR((K52-K48)/K48,0) -> 0.15403963 | M52: 중국 거래
A53: 광양 2구역 | B53: 2026-01 | C53: 저장량 | D53: 천톤 | E53: 69 | F53: 67 | G53: 65 | H53: 67 | I53: 72 | J53: 17 | K53: =SUM(E53:J53) -> 357 | L53: - | M53: 물량 회전율 우수
A54: 광양 2구역 | B54: 2026-01 | C54: 송출량 | D54: 천톤 | E54: 42 | F54: 36 | G54: 44 | H54: 37 | I54: 44 | J54: 7 | K54: =SUM(E54:J54) -> 210 | L54: - | M54: 수요 견조
A55: 광양 2구역 | B55: 2026-01 | C55: 벙커링 | D55: 톤 | E55: 0 | F55: 0 | G55: 0 | H55: 0 | I55: 1861 | J55: 0 | K55: =SUM(E55:J55) -> 1861 | L55: - | M55: 월간 최대치
A56: 광양 2구역 | B56: 2026-01 | C56: 반출입 | D56: 톤 | E56: 0 | F56: 0 | G56: 0 | H56: 0 | I56: 0 | J56: 3172 | K56: =SUM(E56:J56) -> 3172 | L56: - | M56: 신규 고객 확보
A57: 광양 2구역 | B57: 2026-02 | C57: 저장량 | D57: 천톤 | E57: 70 | F57: 69 | G57: 65 | H57: 67 | I57: 71 | J57: 29 | K57: =SUM(E57:J57) -> 371 | L57: =IFERROR((K57-K53)/K53,0) -> 0.039215686 | M57: 최적 재고
A58: 광양 2구역 | B58: 2026-02 | C58: 송출량 | D58: 천톤 | E58: 46 | F58: 40 | G58: 37 | H58: 42 | I58: 45 | J58: 13 | K58: =SUM(E58:J58) -> 223 | L58: =IFERROR((K58-K54)/K54,0) -> 0.061904762 | M58: 출하량 호조
A59: 광양 2구역 | B59: 2026-02 | C59: 벙커링 | D59: 톤 | E59: 0 | F59: 0 | G59: 0 | H59: 0 | I59: 1932 | J59: 0 | K59: =SUM(E59:J59) -> 1932 | L59: =IFERROR((K59-K55)/K55,0) -> 0.038151531 | M59: 선박 대기 0건
A60: 광양 2구역 | B60: 2026-02 | C60: 반출입 | D60: 톤 | E60: 0 | F60: 0 | G60: 0 | H60: 0 | I60: 0 | J60: 3902 | K60: =SUM(E60:J60) -> 3902 | L60: =IFERROR((K60-K56)/K56,0) -> 0.23013871 | M60: 제2터미널 부두
A61: 광양 2구역 | B61: 2026-03 | C61: 저장량 | D61: 천톤 | E61: 76 | F61: 74 | G61: 69 | H61: 73 | I61: 67 | J61: 44 | K61: =SUM(E61:J61) -> 403 | L61: =IFERROR((K61-K57)/K57,0) -> 0.086253369 | M61: 최적 재고
A62: 광양 2구역 | B62: 2026-03 | C62: 송출량 | D62: 천톤 | E62: 49 | F62: 46 | G62: 44 | H62: 46 | I62: 47 | J62: 22 | K62: =SUM(E62:J62) -> 254 | L62: =IFERROR((K62-K58)/K58,0) -> 0.13901345 | M62: 공급 확대
A63: 광양 2구역 | B63: 2026-03 | C63: 벙커링 | D63: 톤 | E63: 0 | F63: 0 | G63: 0 | H63: 0 | I63: 2330 | J63: 0 | K63: =SUM(E63:J63) -> 2330 | L63: =IFERROR((K63-K59)/K59,0) -> 0.20600414 | M63: 정기 운항
A64: 광양 2구역 | B64: 2026-03 | C64: 반출입 | D64: 톤 | E64: 0 | F64: 0 | G64: 0 | H64: 0 | I64: 0 | J64: 5711 | K64: =SUM(E64:J64) -> 5711 | L64: =IFERROR((K64-K60)/K60,0) -> 0.46360841 | M64: 장기계약 효과
A65: 광양 2구역 | B65: 2026-04 | C65: 저장량 | D65: 천톤 | E65: 70 | F65: 71 | G65: 68 | H65: 67 | I65: 64 | J65: 54 | K65: =SUM(E65:J65) -> 394 | L65: =IFERROR((K65-K61)/K61,0) -> -0.022332506 | M65: 물량 회전율 우수
A66: 광양 2구역 | B66: 2026-04 | C66: 송출량 | D66: 천톤 | E66: 47 | F66: 41 | G66: 42 | H66: 42 | I66: 44 | J66: 28 | K66: =SUM(E66:J66) -> 244 | L66: =IFERROR((K66-K62)/K62,0) -> -0.039370079 | M66: 수요 견조
A67: 광양 2구역 | B67: 2026-04 | C67: 벙커링 | D67: 톤 | E67: 0 | F67: 0 | G67: 0 | H67: 0 | I67: 2034 | J67: 0 | K67: =SUM(E67:J67) -> 2034 | L67: =IFERROR((K67-K63)/K63,0) -> -0.12703863 | M67: 월간 최대치
A68: 광양 2구역 | B68: 2026-04 | C68: 반출입 | D68: 톤 | E68: 0 | F68: 0 | G68: 0 | H68: 0 | I68: 0 | J68: 7086 | K68: =SUM(E68:J68) -> 7086 | L68: =IFERROR((K68-K64)/K64,0) -> 0.24076344 | M68: 제2터미널 부두
A69: 광양 2구역 | B69: 2026-05 | C69: 저장량 | D69: 천톤 | E69: 69 | F69: 63 | G69: 65 | H69: 68 | I69: 65 | J69: 61 | K69: =SUM(E69:J69) -> 391 | L69: =IFERROR((K69-K65)/K65,0) -> -0.0076142132
A70: 광양 2구역 | B70: 2026-05 | C70: 송출량 | D70: 천톤 | E70: 40 | F70: 38 | G70: 36 | H70: 41 | I70: 41 | J70: 33 | K70: =SUM(E70:J70) -> 229 | L70: =IFERROR((K70-K66)/K66,0) -> -0.06147541 | M70: 공급 확대
A71: 광양 2구역 | B71: 2026-05 | C71: 벙커링 | D71: 톤 | E71: 0 | F71: 0 | G71: 0 | H71: 0 | I71: 1987 | J71: 0 | K71: =SUM(E71:J71) -> 1987 | L71: =IFERROR((K71-K67)/K67,0) -> -0.023107178 | M71: 월간 최대치
A72: 광양 2구역 | B72: 2026-05 | C72: 반출입 | D72: 톤 | E72: 0 | F72: 0 | G72: 0 | H72: 0 | I72: 0 | J72: 8340 | K72: =SUM(E72:J72) -> 8340 | L72: =IFERROR((K72-K68)/K68,0) -> 0.17696867 | M72: 신규 고객 확보
A73: 광양 2구역 | B73: 2026-06 | C73: 저장량 | D73: 천톤 | E73: 71 | F73: 67 | G73: 63 | H73: 68 | I73: 66 | J73: 69 | K73: =SUM(E73:J73) -> 404 | L73: =IFERROR((K73-K69)/K69,0) -> 0.033248082 | M73: 최적 재고
A74: 광양 2구역 | B74: 2026-06 | C74: 송출량 | D74: 천톤 | E74: 35 | F74: 33 | G74: 32 | H74: 34 | I74: 36 | J74: 40 | K74: =SUM(E74:J74) -> 210 | L74: =IFERROR((K74-K70)/K70,0) -> -0.082969432 | M74: 출하 원활
A75: 광양 2구역 | B75: 2026-06 | C75: 벙커링 | D75: 톤 | E75: 0 | F75: 0 | G75: 0 | H75: 0 | I75: 1914 | J75: 0 | K75: =SUM(E75:J75) -> 1914 | L75: =IFERROR((K75-K71)/K71,0) -> -0.036738802 | M75: 월간 최대치
A76: 광양 2구역 | B76: 2026-06 | C76: 반출입 | D76: 톤 | E76: 0 | F76: 0 | G76: 0 | H76: 0 | I76: 0 | J76: 8618 | K76: =SUM(E76:J76) -> 8618 | L76: =IFERROR((K76-K72)/K72,0) -> 0.033333333 | M76: 신규 고객 확보
A77: 광양 2구역 | B77: 2026-07 | C77: 저장량 | D77: 천톤 | E77: 75 | F77: 74 | G77: 68 | H77: 74 | I77: 70 | J77: 73 | K77: =SUM(E77:J77) -> 434 | L77: =IFERROR((K77-K73)/K73,0) -> 0.074257426 | M77: 기준치 충족
A78: 광양 2구역 | B78: 2026-07 | C78: 송출량 | D78: 천톤 | E78: 70 | F78: 64 | G78: 62 | H78: 66 | I78: 71 | J78: 78 | K78: =SUM(E78:J78) -> 411 | L78: =IFERROR((K78-K74)/K74,0) -> 0.95714286 | M78: 글로벌 수요 증가
A79: 광양 2구역 | B79: 2026-07 | C79: 벙커링 | D79: 톤 | E79: 0 | F79: 0 | G79: 0 | H79: 0 | I79: 2121 | J79: 0 | K79: =SUM(E79:J79) -> 2121 | L79: =IFERROR((K79-K75)/K75,0) -> 0.10815047 | M79: 선박 대기 0건
A80: 광양 2구역 | B80: 2026-07 | C80: 반출입 | D80: 톤 | E80: 0 | F80: 0 | G80: 0 | H80: 0 | I80: 0 | J80: 9904 | K80: =SUM(E80:J80) -> 9904 | L80: =IFERROR((K80-K76)/K76,0) -> 0.14922256 | M80: 동남아 거래 확대
A81: 광양 2구역 | B81: 2026-08 | C81: 저장량 | D81: 천톤 | E81: 64 | F81: 63 | G81: 64 | H81: 65 | I81: 65 | J81: 68 | K81: =SUM(E81:J81) -> 389 | L81: =IFERROR((K81-K77)/K77,0) -> -0.10368664 | M81: 재고 안정
A82: 광양 2구역 | B82: 2026-08 | C82: 송출량 | D82: 천톤 | E82: 82 | F82: 75 | G82: 74 | H82: 74 | I82: 83 | J82: 80 | K82: =SUM(E82:J82) -> 468 | L82: =IFERROR((K82-K78)/K78,0) -> 0.13868613
A83: 광양 2구역 | B83: 2026-08 | C83: 벙커링 | D83: 톤 | E83: 0 | F83: 0 | G83: 0 | H83: 0 | I83: 2347 | J83: 0 | K83: =SUM(E83:J83) -> 2347 | L83: =IFERROR((K83-K79)/K79,0) -> 0.10655351 | M83: 주2회 운영
A84: 광양 2구역 | B84: 2026-08 | C84: 반출입 | D84: 톤 | E84: 0 | F84: 0 | G84: 0 | H84: 0 | I84: 0 | J84: 10555 | K84: =SUM(E84:J84) -> 10555 | L84: =IFERROR((K84-K80)/K80,0) -> 0.065731018 | M84: 동남아 거래 확대
A85: 광양 2구역 | B85: 2026-09 | C85: 저장량 | D85: 천톤 | E85: 67 | F85: 68 | G85: 67 | H85: 65 | I85: 68 | J85: 73 | K85: =SUM(E85:J85) -> 408 | L85: =IFERROR((K85-K81)/K81,0) -> 0.048843188
A86: 광양 2구역 | B86: 2026-09 | C86: 송출량 | D86: 천톤 | E86: 54 | F86: 53 | G86: 47 | H86: 54 | I86: 53 | J86: 59 | K86: =SUM(E86:J86) -> 320 | L86: =IFERROR((K86-K82)/K82,0) -> -0.31623932 | M86: 수요 견조
A87: 광양 2구역 | B87: 2026-09 | C87: 벙커링 | D87: 톤 | E87: 0 | F87: 0 | G87: 0 | H87: 0 | I87: 2136 | J87: 0 | K87: =SUM(E87:J87) -> 2136 | L87: =IFERROR((K87-K83)/K83,0) -> -0.089902003 | M87: 선박 대기 0건
A88: 광양 2구역 | B88: 2026-09 | C88: 반출입 | D88: 톤 | E88: 0 | F88: 0 | G88: 0 | H88: 0 | I88: 0 | J88: 12172 | K88: =SUM(E88:J88) -> 12172 | L88: =IFERROR((K88-K84)/K84,0) -> 0.15319754 | M88: 제2터미널 부두
A89: 광양 2구역 | B89: 2026-10 | C89: 저장량 | D89: 천톤 | E89: 74 | F89: 71 | G89: 72 | H89: 75 | I89: 68 | J89: 79 | K89: =SUM(E89:J89) -> 439 | L89: =IFERROR((K89-K85)/K85,0) -> 0.075980392 | M89: 물량 회전율 우수
A90: 광양 2구역 | B90: 2026-10 | C90: 송출량 | D90: 천톤 | E90: 38 | F90: 34 | G90: 31 | H90: 34 | I90: 37 | J90: 41 | K90: =SUM(E90:J90) -> 215 | L90: =IFERROR((K90-K86)/K86,0) -> -0.328125 | M90: 출하량 호조
A91: 광양 2구역 | B91: 2026-10 | C91: 벙커링 | D91: 톤 | E91: 0 | F91: 0 | G91: 0 | H91: 0 | I91: 2325 | J91: 0 | K91: =SUM(E91:J91) -> 2325 | L91: =IFERROR((K91-K87)/K87,0) -> 0.088483146 | M91: 주2회 운영
A92: 광양 2구역 | B92: 2026-10 | C92: 반출입 | D92: 톤 | E92: 0 | F92: 0 | G92: 0 | H92: 0 | I92: 0 | J92: 12799 | K92: =SUM(E92:J92) -> 12799 | L92: =IFERROR((K92-K88)/K88,0) -> 0.051511666 | M92: 신규 고객 확보
A93: 광양 2구역 | B93: 2026-11 | C93: 저장량 | D93: 천톤 | E93: 76 | F93: 75 | G93: 72 | H93: 76 | I93: 73 | J93: 77 | K93: =SUM(E93:J93) -> 449 | L93: =IFERROR((K93-K89)/K89,0) -> 0.022779043 | M93: 재고 안정
A94: 광양 2구역 | B94: 2026-11 | C94: 송출량 | D94: 천톤 | E94: 53 | F94: 47 | G94: 42 | H94: 45 | I94: 53 | J94: 54 | K94: =SUM(E94:J94) -> 294 | L94: =IFERROR((K94-K90)/K90,0) -> 0.36744186 | M94: 글로벌 수요 증가
A95: 광양 2구역 | B95: 2026-11 | C95: 벙커링 | D95: 톤 | E95: 0 | F95: 0 | G95: 0 | H95: 0 | I95: 2565 | J95: 0 | K95: =SUM(E95:J95) -> 2565 | L95: =IFERROR((K95-K91)/K91,0) -> 0.10322581 | M95: 벙커링선 주1회
A96: 광양 2구역 | B96: 2026-11 | C96: 반출입 | D96: 톤 | E96: 0 | F96: 0 | G96: 0 | H96: 0 | I96: 0 | J96: 12332 | K96: =SUM(E96:J96) -> 12332 | L96: =IFERROR((K96-K92)/K92,0) -> -0.036487226 | M96: 장기계약 효과
A97: 광양 2구역 | B97: 2026-12 | C97: 저장량 | D97: 천톤 | E97: 78 | F97: 81 | G97: 76 | H97: 77 | I97: 76 | J97: 80 | K97: =SUM(E97:J97) -> 468 | L97: =IFERROR((K97-K93)/K93,0) -> 0.042316258 | M97: 기준치 충족
... A100: 광양 2구역 | B100: 2026-12 | C100: 반출입 | D100: 톤 | E100: 0 | F100: 0 | G100: 0 | H100: 0 | I100: 0 | J100: 12909 | K100: =SUM(E100:J100) -> 12909 | L100: =IFERROR((K100-K96)/K96,0) -> 0.046788842 | M100: 제2터미널 부두
A101: 광양 3구역 | B101: 2026-01 | C101: 저장량 | D101: 천톤 | E101: 78 | F101: 84 | G101: 72 | H101: 83 | I101: 81 | J101: 20 | K101: =SUM(E101:J101) -> 418 | L101: - | M101: 최적 재고
A102: 광양 3구역 | B102: 2026-01 | C102: 송출량 | D102: 천톤 | E102: 46 | F102: 43 | G102: 50 | H102: 47 | I102: 48 | J102: 8 | K102: =SUM(E102:J102) -> 242 | L102: -
A103: 광양 3구역 | B103: 2026-01 | C103: 벙커링 | D103: 톤 | E103: 0 | F103: 0 | G103: 0 | H103: 0 | I103: 2012 | J103: 0 | K103: =SUM(E103:J103) -> 2012 | L103: - | M103: 선박 대기 0건
A104: 광양 3구역 | B104: 2026-01 | C104: 반출입 | D104: 톤 | E104: 0 | F104: 0 | G104: 0 | H104: 0 | I104: 0 | J104: 3707 | K104: =SUM(E104:J104) -> 3707 | L104: - | M104: 장기계약 효과
...

Sheet 📊 구역별_요약
A1: 🌊 구역별 연간 요약 (2026)
A3: 구역 | B3: 저장량 합계(천톤) | C3: 송출량 합계(천톤) | D3: 벙커링 합계(톤) | E3: 반출입 합계(톤) | F3: 평균 가동률(%) | G3: 비고
A4: 광양 1구역 | B4: =SUMIFS(광양터미널_2026!K5:K52,광양터미널_2026!C5:C52,"저장량") -> 5320 | C4: =SUMIFS(광양터미널_2026!K5:K52,광양터미널_2026!C5:C52,"송출량") -> 3801 | D4: =SUMIFS(광양터미널_2026!K5:K52,광양터미널_2026!C5:C52,"벙커링") -> 28507 | E4: =SUMIFS(광양터미널_2026!K5:K52,광양터미널_2026!C5:C52,"반출입") -> 116875 | F4: 89.5 | G4: 주력 구역 - 안정적 운영
A5: 광양 2구역 | B5: =SUMIFS(광양터미널_2026!K53:K100,광양터미널_2026!C53:C100,"저장량") -> 4907 | C5: =SUMIFS(광양터미널_2026!K53:K100,광양터미널_2026!C53:C100,"송출량") -> 3502 | D5: =SUMIFS(광양터미널_2026!K53:K100,광양터미널_2026!C53:C100,"벙커링") -> 26237 | E5: =SUMIFS(광양터미널_2026!K53:K100,광양터미널_2026!C53:C100,"반출입") -> 107500 | F5: 88.1 | G5: 확장 구역 - 가동률 상승 추세
A6: 광양 3구역 | B6: =SUMIFS(광양터미널_2026!K101:K148,광양터미널_2026!C101:C148,"저장량") -> 5779 | C6: =SUMIFS(광양터미널_2026!K101:K148,광양터미널_2026!C101:C148,"송출량") -> 4115 | D6: =SUMIFS(광양터미널_2026!K101:K148,광양터미널_2026!C101:C148,"벙커링") -> 30475 | E6: =SUMIFS(광양터미널_2026!K101:K148,광양터미널_2026!C101:C148,"반출입") -> 125454 | F6: 87 | G6: 신규 구역 - 거래 다각화
A7: 광양 4구역 | B7: =SUMIFS(광양터미널_2026!K149:K196,광양터미널_2026!C149:C196,"저장량") -> 4537 | C7: =SUMIFS(광양터미널_2026!K149:K196,광양터미널_2026!C149:C196,"송출량") -> 3218 | D7: =SUMIFS(광양터미널_2026!K149:K196,광양터미널_2026!C149:C196,"벙커링") -> 24124 | E7: =SUMIFS(광양터미널_2026!K149:K196,광양터미널_2026!C149:C196,"반출입") -> 99908 | F7: 91.8 | G7: 전략 구역 - 글로벌 거점
A8: 전체 합계 | B8: =SUM(B4:B7) -> 20543 | C8: =SUM(C4:C7) -> 14636 | D8: =SUM(D4:D7) -> 109343 | E8: =SUM(E4:E7) -> 449737 | F8: =AVERAGE(F4:F7) -> 89.1 | G8: 2026 연간 합산 실적
